n,waktu_eksekusi_avg,optimal_cost_avg,nodes_explored_avg
3,0.000190,254.70,5.0
4,0.000592,250.46,14.7
5,0.004035,278.43,41.0
6,0.016832,275.22,96.0
7,0.028024,284.93,209.7
8,0.099255,297.98,575.3
9,0.171683,307.96,1686.7
10,0.251270,312.69,2491.7
11,0.693387,316.38,6363.3
12,2.018966,320.88,18046.7
13,4.545204,318.05,37084.7
14,14.161237,327.92,106861.0
15,30.636709,337.25,211754.3
16,81.387374,338.93,519674.0
17,217.068367,343.66,1206383.0
