n,waktu_eksekusi_avg,optimal_cost_avg,nodes_explored_avg
3,0.000273,254.70,5.0
4,0.000608,250.46,14.7
5,0.002029,278.43,41.0
6,0.008738,275.22,96.0
7,0.029830,284.93,209.7
8,0.124191,297.98,575.3
9,0.154655,307.96,1686.7
10,0.251973,312.69,2491.7
11,0.699724,316.38,6363.3
12,2.300724,320.88,18046.7
13,4.890335,318.05,37084.7
14,14.847235,327.92,106861.0
15,32.111399,337.25,211754.3
16,87.714181,338.93,519674.0
17,213.637105,343.66,1206383.0
